[
    {
        "imdb_movie_id": "tt2015381",
        "title": null,
        "placement": "24 hour",
        "no_of_tickets": 100
    },
    {
        "imdb_movie_id": "tt1206885",
        "title": null,
        "placement": "24 hour",
        "no_of_tickets": 100
    },
    {
        "imdb_movie_id": "tt0462499",
        "title": null,
        "placement": "weekly",
        "no_of_tickets": 100
    },
    {
        "imdb_movie_id": "tt2393827",
        "title": null,
        "placement": "weekly",
        "no_of_tickets": 100
    },
    {
        "imdb_movie_id": "tt0443649",
        "title": null,
        "placement": "24 hour",
        "no_of_tickets": 99
    },
    {
        "imdb_movie_id": "tt5066556",
        "title": null,
        "placement": "24 hour",
        "no_of_tickets": 100
    },
    {
        "imdb_movie_id": "tt0816692",
        "title": null,
        "placement": "24 hour",
        "no_of_tickets": 100
    },
    {
        "imdb_movie_id": "tt0133093",
        "title": null,
        "placement": "24 hour",
        "no_of_tickets": 100
    },
    {
        "imdb_movie_id": "tt0107290",
        "title": null,
        "placement": "weekly",
        "no_of_tickets": 100
    },
    {
        "imdb_movie_id": "tt1211956",
        "title": null,
        "placement": "24 hour",
        "no_of_tickets": 100
    }
]